{"cameraMode":{"drawMode":0,"name":"Shaded","section":"Shading Mode"},"sceneLighting":true,"audioPlay":false,"sceneViewState":{"m_AlwaysRefresh":false,"showFog":true,"showSkybox":true,"showFlares":true,"showImageEffects":true,"showParticleSystems":true,"showVisualEffectGraphs":true,"m_FxEnabled":true},"in2DMode":false,"pivot":{"x":565.954833984375,"y":259.90972900390627,"z":-0.010894775390625},"rotation":{"x":-0.0029999923426657917,"y":0.001499992678873241,"z":0.000004499991973716533,"w":0.9999943375587463},"size":242.4784698486328,"orthographic":false}