{"cameraMode":{"drawMode":0,"name":"Shaded","section":"Shading Mode"},"sceneLighting":true,"audioPlay":false,"sceneViewState":{"m_AlwaysRefresh":false,"showFog":true,"showSkybox":true,"showFlares":true,"showImageEffects":true,"showParticleSystems":true,"showVisualEffectGraphs":true,"m_FxEnabled":true},"in2DMode":false,"pivot":{"x":1.8554291725158692,"y":3.0159711837768556,"z":-0.9962785243988037},"rotation":{"x":0.18334923684597016,"y":0.46536868810653689,"z":-0.09919004887342453,"w":0.8602195978164673},"size":4.962832927703857,"orthographic":true}