{"cameraMode":{"drawMode":0,"name":"Shaded","section":"Shading Mode"},"sceneLighting":true,"audioPlay":false,"sceneViewState":{"m_AlwaysRefresh":false,"showFog":true,"showSkybox":true,"showFlares":true,"showImageEffects":true,"showParticleSystems":true,"showVisualEffectGraphs":true,"m_FxEnabled":true},"in2DMode":false,"pivot":{"x":543.8800048828125,"y":281.82830810546877,"z":-26.793212890625},"rotation":{"x":0.03236977010965347,"y":0.03747132793068886,"z":-0.0012140237959101797,"w":0.9987745881080627},"size":302.2138977050781,"orthographic":false}